<?xml version="1.0" encoding="UTF-8"?>
<rss version="2.0" xmlns:ror="http://rorweb.com/0.1/" >
<channel>
  <title>ROR Sitemap for https://ypelayog25.github.io/portafolio/</title>
  <link>https://ypelayog25.github.io/portafolio/</link>

<item>
     <link>https://ypelayog25.github.io/portafolio/</link>
     <title>Portafolio de Yenismara Pelayo García - Analista de Datos</title>
     <description>Portafolio profesional de Yenismara Pelayo García, Analista de Datos con experiencia en Python, SQL, Power BI, Excel y Machine Learning.</description>
     <ror:updatePeriod></ror:updatePeriod>
     <ror:sortOrder>0</ror:sortOrder>
     <ror:resourceOf>sitemap</ror:resourceOf>
</item>
</channel>
</rss>
  